,City,Country,Lat,Lng,Max Temp,Humidity,Cloudiness,Wind Speed,Current Description
0,Hasaki,JP,35.7333,140.8333,75.6,82,87,19.06,overcast clouds
1,Busselton,AU,-33.65,115.3333,55.81,73,93,13.38,overcast clouds
2,Rikitea,PF,-23.1203,-134.9692,69.71,64,68,24.27,broken clouds
3,Saint Anthony,US,45.0205,-93.218,75.92,44,100,9.22,overcast clouds
4,Springbok,ZA,-29.6643,17.8865,49.5,57,0,1.61,clear sky
5,Belyy Yar,RU,53.6039,91.3903,26.49,86,0,4.47,clear sky
6,Hilo,US,19.7297,-155.09,91.27,64,20,11.5,few clouds
7,Lermontovka,RU,47.1453,134.3383,30.61,65,0,4.74,clear sky
8,Berlevåg,NO,70.8578,29.0864,42.75,75,100,9.22,overcast clouds
9,Norman Wells,CA,65.282,-126.8329,39.99,74,88,11.68,overcast clouds
10,Fort Nelson,CA,58.8053,-122.7002,54.39,42,74,4.41,broken clouds
11,Guerrero Negro,MX,27.9769,-114.0611,75.43,64,20,11.61,few clouds
12,Katherine,AU,-14.4667,132.2667,73.72,88,2,3.44,clear sky
13,Port Lincoln,AU,-34.7333,135.8667,58.8,89,27,8.41,scattered clouds
14,Ushuaia,AR,-54.8,-68.3,51.46,54,40,10.36,scattered clouds
15,Cape Town,ZA,-33.9258,18.4232,62.38,59,2,1.99,clear sky
16,Mataura,NZ,-46.1927,168.8643,38.48,100,100,9.51,light rain
17,Sitka,US,57.0531,-135.33,66.09,32,75,13.8,broken clouds
18,Arraial do Cabo,BR,-22.9661,-42.0278,71.46,83,75,5.75,broken clouds
19,Atuona,PF,-9.8,-139.0333,76.55,70,18,20.45,few clouds
20,Albany,US,42.6001,-73.9662,54.41,69,100,3.18,overcast clouds
21,Villamaría,CO,5.0449,-75.5146,63.81,91,92,2.73,overcast clouds
22,Punta Arenas,CL,-53.15,-70.9167,51.91,62,0,16.11,clear sky
23,Hermanus,ZA,-34.4187,19.2345,51.8,69,2,0.38,clear sky
24,Mahébourg,MU,-20.4081,57.7,71.26,77,37,11.61,scattered clouds
25,Lieksa,FI,63.3167,30.0167,44.82,96,100,2.3,overcast clouds
26,Avarua,CK,-21.2078,-159.775,78.85,69,40,21.85,scattered clouds
27,Ca Mau,VN,9.1769,105.15,76.55,93,100,4.14,heavy intensity rain
28,Leshukonskoye,RU,64.8989,45.7622,43.39,97,100,4.7,overcast clouds
29,Saskylakh,RU,71.9167,114.0833,22.87,96,100,4.88,light snow
30,Bengkulu,ID,-3.8004,102.2655,75.15,91,100,4.83,overcast clouds
31,Muroto-misakicho,JP,33.2833,134.15,75.76,81,29,18.54,scattered clouds
32,Khovd,MN,48.0056,91.6419,26.62,34,20,0.4,few clouds
33,Sinnamary,GF,5.3833,-52.95,80.08,80,54,12.03,broken clouds
34,Tasiilaq,GL,65.6145,-37.6368,35.76,65,49,7.47,scattered clouds
35,Hobart,AU,-42.8794,147.3294,49.26,78,75,8.05,broken clouds
36,Yellowknife,CA,62.456,-114.3525,41.54,39,14,8.55,few clouds
37,Ancud,CL,-41.8697,-73.8203,50.56,83,29,7.4,scattered clouds
38,San Policarpo,PH,12.1791,125.5072,81.34,80,91,5.37,overcast clouds
39,Talnakh,RU,69.4865,88.3972,33.21,99,100,3.27,light snow
40,Taitung City,TW,22.7583,121.1444,78.46,69,7,10.22,clear sky
41,Saint-Philippe,RE,-21.3585,55.7679,65.79,80,41,11.16,scattered clouds
42,Lithakia,GR,37.7167,20.8333,63.77,71,0,5.66,clear sky
43,São Filipe,CV,14.8961,-24.4956,78.19,78,100,1.59,overcast clouds
44,Arlit,NE,18.7369,7.3853,93.54,13,5,11.97,clear sky
45,Lake Shasta,US,40.6804,-122.3708,89.76,29,69,4.21,broken clouds
46,Trelew,AR,-43.249,-65.3051,70.9,23,80,6.87,broken clouds
47,Kapaa,US,22.0752,-159.319,84.18,76,40,14.97,light rain
48,Garoowe,SO,8.4054,48.4845,75.24,72,90,13.98,overcast clouds
49,Ostrovnoy,RU,68.0531,39.5131,45.84,88,80,13.15,broken clouds
50,New Norfolk,AU,-42.7826,147.0587,48.92,67,100,1.01,overcast clouds
51,Mikkeli,FI,61.6886,27.2723,42.91,93,100,2.3,overcast clouds
52,Russellville,US,35.2784,-93.1338,81.99,31,0,5.75,clear sky
53,Inhambane,MZ,-23.865,35.3833,72.14,92,10,5.39,clear sky
54,Port Hardy,CA,50.6996,-127.4199,61.34,78,100,4.68,overcast clouds
55,Haines Junction,CA,60.7522,-137.5108,46.18,77,100,1.83,overcast clouds
56,Zaysan,KZ,47.4667,84.8667,40.37,32,41,4.9,scattered clouds
57,Uglegorsk,RU,49.0833,142.0333,40.33,62,100,14.97,overcast clouds
58,Kavaratti,IN,10.5669,72.642,80.91,78,99,16.84,overcast clouds
59,Pangnirtung,CA,66.1451,-65.7125,34.79,67,100,6.98,overcast clouds
60,Kavieng,PG,-2.5744,150.7967,83.77,73,93,16.17,overcast clouds
61,Nouakchott,MR,18.0858,-15.9785,84.13,65,45,13.73,scattered clouds
62,Hurghada,EG,27.2574,33.8129,80.74,45,0,10.76,clear sky
63,Hong Kong,HK,22.2855,114.1577,84.38,81,43,5.99,scattered clouds
64,Mahibadhoo,MV,3.7833,72.9667,81.97,78,100,17.25,overcast clouds
65,Port Alfred,ZA,-33.5906,26.891,58.17,90,97,14.52,overcast clouds
66,Östersund,SE,63.1792,14.6357,48.65,100,75,12.66,light intensity drizzle
67,Margate,GB,51.3813,1.3862,62.91,85,100,5.01,overcast clouds
68,Cachoeiras de Macacu,BR,-22.4625,-42.6531,68.94,100,100,1.36,overcast clouds
69,Wattegama,LK,6.7989,81.4808,76.86,75,100,3.51,moderate rain
70,Huancavelica,PE,-12.7667,-74.9833,40.01,85,76,6.26,broken clouds
71,Oktyabr'skiy,RU,54.4815,53.471,50.09,30,100,11.34,overcast clouds
72,Bluff,NZ,-46.6,168.3333,38.8,74,99,28.97,light rain
73,Tongzi,CN,28.7829,105.0877,63.9,88,100,1.83,overcast clouds
74,Aklavik,CA,68.2191,-135.0107,32.16,93,8,12.66,clear sky
75,Ahipara,NZ,-35.1667,173.1667,59.02,64,85,13.02,overcast clouds
76,Qaanaaq,GL,77.484,-69.3632,15.98,77,99,4.59,overcast clouds
77,Barrow,US,71.2906,-156.7887,30.22,93,100,3.44,overcast clouds
78,Dikson,RU,73.5069,80.5464,33.24,87,100,18.34,overcast clouds
79,Trat,TH,12.5,102.5,80.82,93,100,3.4,overcast clouds
80,Wuwei,CN,37.9281,102.6414,43.74,70,100,1.63,overcast clouds
81,Lamar,US,33.6668,-95.5836,84.88,30,0,8.05,clear sky
82,Sloboda,RU,51.1421,40.3021,50.97,85,75,7.58,broken clouds
83,Bredasdorp,ZA,-34.5322,20.0403,48.92,81,1,3.33,clear sky
84,Castro,BR,-24.7911,-50.0119,60.62,77,0,0.54,clear sky
85,Araguaína,BR,-7.1911,-48.2072,86.13,38,27,7.2,scattered clouds
86,Dwārka,IN,22.2394,68.9678,81.0,72,29,9.17,scattered clouds
87,Tuktoyaktuk,CA,69.4541,-133.0374,33.8,86,20,12.66,few clouds
88,Jamestown,US,42.097,-79.2353,58.05,43,100,6.91,overcast clouds
89,Kintampo,GH,8.0563,-1.7306,73.2,92,79,3.4,light rain
90,Kumul,CN,42.8,93.45,54.91,52,100,10.42,light rain
91,Mar del Plata,AR,-38.0023,-57.5575,59.09,77,25,14.97,scattered clouds
92,Te Anau,NZ,-45.4167,167.7167,39.09,69,43,6.58,scattered clouds
93,Māngrol,IN,21.1167,70.1167,79.48,79,44,10.09,scattered clouds
94,Kandalaksha,RU,67.162,32.4123,34.11,96,100,1.45,overcast clouds
95,Payo,ID,-3.7508,103.6372,72.0,98,94,1.03,overcast clouds
96,Longyearbyen,SJ,78.2186,15.6401,39.04,70,75,8.05,broken clouds
97,Kieta,PG,-6.2167,155.6333,82.45,76,97,6.67,overcast clouds
98,Srednekolymsk,RU,67.45,153.6833,19.02,83,9,7.96,clear sky
99,Filingué,NE,14.3521,3.3168,90.66,40,43,11.74,scattered clouds
100,Carnarvon,AU,-24.8667,113.6333,65.82,76,0,10.22,clear sky
101,Bonanza,NI,14.0289,-84.591,76.98,89,100,4.05,overcast clouds
102,Karasburg,NA,-28.0167,18.75,62.98,14,0,1.99,clear sky
103,Wanning,CN,18.8003,110.3967,79.11,88,69,4.43,broken clouds
104,Comodoro Rivadavia,AR,-45.8667,-67.5,66.06,26,0,20.71,clear sky
105,Amānpur,IN,27.7167,78.75,79.03,84,99,8.63,overcast clouds
106,Mount Gambier,AU,-37.8333,140.7667,51.87,87,100,11.34,light rain
107,Lichinga,MZ,-13.3128,35.2406,63.99,31,9,6.44,clear sky
108,Kiryat Gat,IL,31.61,34.7642,76.41,100,0,1.97,clear sky
109,Moroto,UG,2.5345,34.6666,71.46,53,60,2.84,broken clouds
110,Henties Bay,NA,-22.116,14.2845,54.16,92,2,5.14,clear sky
111,Butaritari,KI,3.0707,172.7902,81.0,78,16,13.8,light rain
112,Sørland,NO,67.667,12.6934,49.86,81,100,12.08,light rain
113,Virginia Beach,US,36.8529,-75.978,55.02,89,100,11.5,overcast clouds
114,Sandwick,GB,60.0,-1.25,53.42,76,26,17.27,scattered clouds
115,Chokurdakh,RU,70.6333,147.9167,20.93,94,99,6.67,light snow
116,Road Town,VG,18.4167,-64.6167,84.29,89,75,6.91,broken clouds
117,Leningradskiy,RU,69.3833,178.4167,23.43,88,90,5.93,overcast clouds
118,Lüderitz,NA,-26.6481,15.1594,55.96,75,0,16.69,clear sky
119,San Patricio,US,28.017,-97.5169,85.17,37,94,10.47,overcast clouds
120,Puerto Ayora,EC,-0.7393,-90.3518,76.96,90,84,5.01,broken clouds
121,Sorong,ID,-0.8833,131.25,79.14,84,99,3.94,overcast clouds
122,Mossamedes,AO,-15.1961,12.1522,65.03,88,74,2.98,broken clouds
123,Bogovarovo,RU,58.9785,47.0246,45.0,83,100,7.76,overcast clouds
124,Neiafu,TO,-18.65,-173.9833,83.08,83,75,11.5,broken clouds
125,Naze,JP,28.3667,129.4833,76.12,82,4,6.26,clear sky
126,Forsytheganj,BY,52.6333,29.7333,46.29,86,100,12.77,overcast clouds
127,Salalah,OM,17.0151,54.0924,78.89,83,0,3.44,clear sky
128,Bathsheba,BB,13.2167,-59.5167,81.21,89,20,24.16,few clouds
129,Jalu,LY,29.0331,21.5482,73.36,57,0,10.18,clear sky
130,Riachão,BR,-7.3619,-46.6172,84.76,36,49,6.29,scattered clouds
131,Marawi,PH,7.9986,124.2928,68.14,94,73,1.3,broken clouds
132,Saint Paul Harbor,US,57.79,-152.4072,53.11,94,100,23.02,moderate rain
133,Saldanha,ZA,-33.0117,17.9442,56.48,66,0,13.11,clear sky
134,Yerofey Pavlovich,RU,53.9667,121.9667,23.63,67,98,3.85,overcast clouds
135,Lagoa,PT,39.05,-27.9833,70.7,85,100,14.23,overcast clouds
136,Kibala,TD,9.1104,18.3463,71.8,95,81,0.98,light rain
137,Guéret,FR,46.1667,1.8667,49.87,83,6,3.74,clear sky
138,Nome,US,64.5011,-165.4064,46.47,81,75,12.66,broken clouds
139,East London,ZA,-33.0153,27.9116,62.28,79,30,10.94,scattered clouds
140,Kāsaragod,IN,12.5,75.0,75.06,97,98,4.99,overcast clouds
141,Melbu,NO,68.5044,14.8297,51.62,62,100,14.97,overcast clouds
142,Port Blair,IN,11.6667,92.75,77.27,89,100,3.02,overcast clouds
143,Bilma,NE,18.6853,12.9164,87.69,17,1,4.23,clear sky
144,San Quintín,MX,30.4833,-115.95,72.57,75,19,12.1,few clouds
145,Ribeira Grande,PT,38.5167,-28.7,71.85,79,74,7.58,broken clouds
146,Broken Hill,AU,-31.95,141.4333,66.6,75,28,18.7,scattered clouds
147,Miles City,US,46.4083,-105.8406,70.77,46,0,6.91,clear sky
148,Banda Aceh,ID,5.5577,95.3222,74.53,94,100,7.11,light rain
149,Ongandjera,NA,-17.8833,15.0667,74.21,13,0,5.66,clear sky
150,Atar,MR,20.5169,-13.0499,97.48,19,100,6.62,overcast clouds
151,Alihe,CN,50.5667,123.7167,23.34,53,49,3.62,scattered clouds
152,Vershino-Darasunskiy,RU,52.35,115.5167,17.22,69,16,3.62,few clouds
153,Pangai,TO,-19.8,-174.35,82.51,69,75,9.22,broken clouds
154,Shemonaīkha,KZ,50.6328,81.9056,32.77,72,2,5.19,clear sky
155,Ketchikan,US,55.3422,-131.6461,57.67,88,75,8.05,broken clouds
156,Wad Rāwah,SD,15.1603,33.1397,85.37,39,16,4.45,few clouds
157,Thompson,CA,55.7435,-97.8558,57.36,44,40,5.75,scattered clouds
158,Bambous Virieux,MU,-20.3428,57.7575,70.21,83,40,6.91,scattered clouds
159,Naryan-Mar,RU,67.6713,53.087,40.6,80,100,12.93,overcast clouds
160,Rocha,UY,-34.4833,-54.3333,52.3,88,53,7.34,broken clouds
161,Pevek,RU,69.7008,170.3133,26.1,82,73,6.31,broken clouds
162,Batagay,RU,67.6333,134.6333,13.06,97,96,2.21,overcast clouds
163,Fortuna,US,40.5982,-124.1573,66.92,71,84,1.99,broken clouds
164,Iqaluit,CA,63.7506,-68.5145,35.33,93,100,0.0,light rain
165,Porto-Novo,BJ,6.4965,2.6036,76.68,89,89,5.21,overcast clouds
166,Sittwe,MM,20.15,92.9,77.2,89,88,7.0,overcast clouds
167,Along,IN,28.1667,94.7667,72.14,97,100,0.87,overcast clouds
168,Tarata,BO,-17.6167,-66.0167,76.42,48,65,12.75,broken clouds
169,Freeport,US,40.6576,-73.5832,58.01,89,100,19.57,mist
170,Tambacounda,SN,13.7539,-13.7586,86.05,79,0,4.61,clear sky
171,Lorengau,PG,-2.0226,147.2712,83.3,77,81,11.21,broken clouds
172,Nizwá,OM,22.9333,57.5333,75.54,60,0,1.39,clear sky
173,Severo-Kuril'sk,RU,50.6789,156.125,50.7,97,100,8.32,moderate rain
174,Hobyo,SO,5.3505,48.5268,76.59,89,37,14.97,scattered clouds
175,Noshiro,JP,40.2039,140.0242,54.46,67,87,12.82,overcast clouds
176,Provideniya,RU,64.3833,-173.3,41.36,81,75,4.47,broken clouds
177,Pitimbu,BR,-7.4706,-34.8086,77.59,75,36,10.16,scattered clouds
178,Hamilton,US,39.1834,-84.5333,72.43,32,0,9.22,clear sky
179,Bata,GQ,1.8639,9.7658,76.37,86,84,2.3,broken clouds
180,Hailar,CN,49.2,119.7,25.32,41,84,7.11,broken clouds
181,Kologriv,RU,58.8275,44.3178,45.43,89,97,8.23,overcast clouds
182,Ibrā’,OM,22.6906,58.5334,73.27,72,1,2.86,clear sky
183,Hithadhoo,MV,-0.6,73.0833,82.33,71,99,18.59,overcast clouds
184,Codrington,AU,-38.2667,141.9667,51.4,93,100,18.95,moderate rain
185,Hervey Bay,AU,-25.2986,152.8535,66.02,81,39,5.99,scattered clouds
186,Hünfeld,DE,50.6797,9.7673,52.77,82,87,4.5,overcast clouds
187,Ponta Delgada,PT,37.7333,-25.6667,74.5,94,75,10.36,broken clouds
188,Itarema,BR,-2.9248,-39.9167,78.15,78,87,15.95,overcast clouds
189,Husavik,IS,66.0449,-17.3389,41.83,96,100,16.8,overcast clouds
190,Fairbanks,US,64.8378,-147.7164,54.23,57,0,9.22,clear sky
191,Jinchang,CN,38.4953,102.1739,45.07,63,100,7.43,overcast clouds
192,Upernavik,GL,72.7868,-56.1549,21.49,81,72,6.22,broken clouds
193,Morón,AR,-34.6534,-58.6198,64.94,80,0,10.45,clear sky
194,Nadym,RU,65.5333,72.5167,33.55,94,37,11.59,scattered clouds
195,Thinadhoo,MV,0.5333,72.9333,80.92,78,100,17.81,overcast clouds
196,Envira,BR,-7.3,-70.2167,80.91,67,72,5.77,broken clouds
197,Kruisfontein,ZA,-34.0033,24.7314,51.89,87,76,1.43,broken clouds
198,Ban Tak,TH,17.0432,99.0813,77.22,94,93,2.64,overcast clouds
199,Yar-Sale,RU,66.8333,70.8333,37.63,80,87,14.88,overcast clouds
200,Andradas,BR,-22.0681,-46.5692,64.78,91,72,2.24,broken clouds
201,Beloha,MG,-25.1667,45.05,66.16,96,1,1.61,clear sky
202,Lincoln,US,40.8,-96.667,78.28,35,100,10.36,overcast clouds
203,Namatanai,PG,-3.6667,152.4333,82.65,74,100,11.16,light rain
204,Launceston,AU,-41.45,147.1667,50.34,75,52,5.75,broken clouds
205,Agadez,NE,19.75,10.25,85.75,17,0,10.51,clear sky
206,Vaini,TO,-21.2,-175.2,82.56,78,75,5.75,broken clouds
207,Cabo San Lucas,MX,22.8909,-109.9124,90.61,70,20,6.91,few clouds
208,Shishou,CN,29.7226,112.419,50.65,81,100,12.44,overcast clouds
209,Manta,EC,-0.95,-80.7333,82.18,57,40,13.8,scattered clouds
210,Atambua,ID,-9.1061,124.8925,75.25,82,98,2.33,overcast clouds
211,Airai,TL,-8.9266,125.4092,61.63,88,97,2.19,overcast clouds
212,Teguise,ES,29.0605,-13.564,71.82,73,0,11.5,clear sky
213,Jilib,SO,0.4883,42.7854,73.35,93,19,6.17,few clouds
214,Narsaq,GL,60.9167,-46.05,39.42,73,100,10.4,light rain
215,Ballina,AU,-28.8667,153.5667,69.01,76,97,3.74,overcast clouds
216,Savannah Bight,HN,16.45,-85.85,82.96,68,75,8.39,broken clouds
217,Pringsewu,ID,-5.3582,104.9744,73.31,94,100,4.0,overcast clouds
218,Pizhanka,RU,57.4604,48.542,47.41,59,100,11.52,overcast clouds
219,Kutum,SD,14.2,24.6667,79.47,23,59,9.53,broken clouds
220,Olafsvik,IS,64.8945,-23.7142,41.81,90,100,25.68,overcast clouds
221,Saint George,US,37.1041,-113.5841,87.44,25,0,3.0,clear sky
222,Ust-Nera,RU,64.5667,143.2,11.08,95,100,6.06,overcast clouds
223,Gamba,GA,-2.65,10.0,75.33,83,37,4.81,scattered clouds
224,Tigzirt,DZ,36.8886,4.1198,70.32,72,57,5.61,broken clouds
225,Puntarenas,CR,9.9763,-84.8384,82.83,78,83,6.6,broken clouds
226,Boryslav,UA,49.2867,23.4324,47.64,85,99,6.69,overcast clouds
227,Olinda,BR,-8.0089,-34.8553,78.53,69,40,9.22,scattered clouds
228,Faanui,PF,-16.4833,-151.75,77.32,77,28,24.05,light rain
229,Sarangani,PH,5.4033,125.4636,82.78,76,97,12.77,overcast clouds
230,Tarakan,ID,3.3,117.6333,78.3,94,75,2.3,broken clouds
231,Kidal,ML,18.4411,1.4078,94.87,17,86,9.62,overcast clouds
232,Pochutla,MX,15.7432,-96.4661,86.83,71,59,4.68,broken clouds
233,Ust'-Uda,RU,54.1742,103.0304,26.33,86,88,0.36,overcast clouds
234,Ilulissat,GL,69.2167,-51.1,28.42,69,15,2.3,few clouds
235,Maun,BW,-19.9833,23.4167,74.35,16,0,5.44,clear sky
236,Lubango,AO,-14.9172,13.4925,63.41,61,31,2.57,scattered clouds
237,Vardø,NO,70.3705,31.1107,44.58,87,100,13.8,overcast clouds
238,Morros,BR,-9.4467,-46.3003,87.33,20,13,2.93,few clouds
239,Sol'-Iletsk,RU,51.1631,54.9918,45.46,30,73,10.87,broken clouds
240,Padang,ID,-0.9492,100.3543,74.98,88,100,4.5,overcast clouds
241,Hambantota,LK,6.1241,81.1185,78.76,81,100,15.26,overcast clouds
242,Tromsø,NO,69.6496,18.957,44.38,87,0,2.3,clear sky
243,Buin,CL,-33.7333,-70.75,61.43,51,98,6.69,overcast clouds
244,Knysna,ZA,-34.0363,23.0471,54.03,79,50,4.0,scattered clouds
245,Ponta do Sol,PT,32.6667,-17.1,72.72,76,51,1.9,broken clouds
246,Mahon,ES,39.8885,4.2658,68.56,83,20,4.61,few clouds
247,Brae,GB,60.3964,-1.353,51.21,74,5,19.57,clear sky
248,Yong’an,CN,39.6957,113.6871,35.73,33,84,2.37,broken clouds
249,Raja,SS,8.4596,25.678,68.04,95,70,2.44,broken clouds
250,North Bend,US,43.4065,-124.2243,61.07,88,100,0.0,overcast clouds
251,Kuzino,RU,57.0224,59.4412,41.88,78,99,3.27,overcast clouds
252,Cueto,CU,20.6439,-75.9356,77.52,87,87,4.79,overcast clouds
253,Riyadh,SA,24.6877,46.7219,78.94,20,0,4.59,clear sky
254,Aksarka,RU,66.5606,67.7975,33.73,85,8,2.71,clear sky
255,Wankyi,GH,7.7392,-2.1046,72.37,92,95,3.69,light rain
256,Turukhansk,RU,65.8167,87.9833,32.32,99,100,6.93,overcast clouds
257,Sur,OM,22.5667,59.5289,78.71,71,7,7.85,clear sky
258,Mackay,AU,-21.15,149.2,72.68,63,98,15.35,overcast clouds
259,Departamento de Maldonado,UY,-34.6667,-54.9167,57.22,85,58,9.91,broken clouds
260,Vilcún,CL,-38.65,-72.2333,50.74,94,97,4.79,overcast clouds
261,Makakilo City,US,21.3469,-158.0858,86.32,61,75,14.97,broken clouds
262,Ugoofaaru,MV,5.6667,73.0,81.77,76,100,17.65,overcast clouds
263,Conde,BR,-7.2597,-34.9075,76.46,83,0,8.05,clear sky
264,Ola,RU,59.5833,151.2833,28.15,78,100,14.76,overcast clouds
265,Manadhoo,MV,5.7667,73.3833,81.68,78,100,18.72,overcast clouds
266,Aripuanã,BR,-9.1667,-60.6333,76.05,83,100,5.01,light rain
267,Los Llanos de Aridane,ES,28.6585,-17.9182,78.12,55,75,7.0,broken clouds
268,Kirakira,SB,-10.4544,161.9205,83.98,66,33,11.27,scattered clouds
269,Mwene-Ditu,CD,-7.0,23.45,69.73,76,32,1.07,scattered clouds
270,Deyang,CN,31.1302,104.382,62.2,89,100,2.8,moderate rain
271,Rockland,US,41.1668,-74.0496,53.96,94,100,1.01,overcast clouds
272,Vol'sk,RU,52.0333,47.3833,53.55,49,100,11.61,moderate rain
273,Christchurch,NZ,-43.5333,172.6333,42.91,88,75,14.97,light rain
274,Palmerston,AU,-12.486,130.9833,79.93,82,0,5.75,clear sky
275,Mīrābād,AF,30.4362,61.8383,77.18,19,0,14.97,clear sky
276,Clyde River,CA,70.4692,-68.5914,26.83,86,100,17.27,overcast clouds
277,Yatou,CN,37.15,122.3833,49.26,54,10,17.92,clear sky
278,Buraidah,SA,26.326,43.975,81.05,18,0,11.12,clear sky
279,Río Cuarto,AR,-33.1307,-64.3499,76.77,23,0,21.85,clear sky
280,Bereda,ES,43.2686,-7.5406,59.41,80,3,1.86,clear sky
281,Tiksi,RU,71.6872,128.8694,21.24,86,100,13.49,overcast clouds
282,Yurgamysh,RU,55.3714,64.4656,44.15,44,63,7.4,broken clouds
283,Catuday,PH,16.2923,119.8062,79.54,80,97,3.69,overcast clouds
284,Bitung,ID,1.4451,125.1824,76.05,84,96,4.52,overcast clouds
285,Petropavlovsk-Kamchatskiy,RU,53.0452,158.6483,46.99,100,100,4.47,light intensity shower rain
286,Khatanga,RU,71.9667,102.5,24.26,97,100,5.06,light snow
287,Laas,IT,46.6166,10.7002,52.68,48,13,1.74,few clouds
288,Vallenar,CL,-28.5708,-70.7581,64.38,45,2,7.7,clear sky
289,Souillac,MU,-20.5167,57.5167,70.18,83,40,6.91,scattered clouds
290,Kahului,US,20.8947,-156.47,84.22,76,40,19.57,scattered clouds
291,Kaitangata,NZ,-46.2817,169.8464,38.7,92,72,14.05,broken clouds
292,Celestún,MX,20.8667,-90.4,80.94,62,52,12.59,broken clouds
293,La Ronge,CA,55.1001,-105.2842,66.45,34,40,6.91,smoke
294,Batticaloa,LK,7.7102,81.6924,80.47,74,100,4.03,overcast clouds
295,Tual,ID,-5.6667,132.75,81.57,79,100,9.53,overcast clouds
296,Araras,BR,-22.3569,-47.3842,73.08,68,35,6.31,scattered clouds
297,Nyimba,ZM,-14.5566,30.8149,76.96,29,4,5.21,clear sky
298,Nouadhibou,MR,20.931,-17.0347,76.98,65,62,12.66,broken clouds
299,Cockburn Town,TC,21.4612,-71.1419,84.04,67,62,4.43,broken clouds
300,Deputatsky,RU,69.3,139.9,-1.05,98,60,4.0,broken clouds
301,San Andrés,CO,12.5847,-81.7006,87.82,70,40,6.91,scattered clouds
302,Great Yarmouth,GB,52.6083,1.7305,61.05,85,100,17.87,overcast clouds
303,Glomfjord,NO,66.8167,13.9667,45.23,89,100,8.86,light rain
304,Birao,CF,10.2849,22.7882,67.55,94,100,3.56,overcast clouds
305,The Valley,AI,18.217,-63.0578,83.1,83,20,13.8,few clouds
306,Arrondissement de Saint-Denis,FR,48.9167,2.3333,60.58,84,75,6.91,broken clouds
307,Dawei,MM,14.0833,98.2,74.3,92,83,4.16,broken clouds
308,Soyo,AO,-6.1349,12.3689,75.67,86,25,6.64,scattered clouds
309,Chui,UY,-33.6971,-53.4616,54.64,86,13,6.67,few clouds
310,Kolpashevo,RU,58.3131,82.9089,36.77,94,100,8.3,light rain
311,Kerema,PG,-7.9631,145.7785,81.18,83,100,6.44,overcast clouds
312,Yantal',RU,56.8471,105.2542,22.86,90,49,2.17,scattered clouds
313,Inuvik,CA,68.3499,-133.7218,36.46,69,40,13.8,scattered clouds
314,Orlik,RU,52.5178,99.825,21.18,61,0,3.09,clear sky
315,Baruun-Urt,MN,46.6806,113.2792,21.52,66,4,3.22,clear sky
316,Bayan,CN,46.0833,127.4,29.16,49,2,6.85,clear sky
317,Bethel,US,41.3712,-73.414,54.01,87,100,10.36,light rain
318,Phon,TH,15.816,102.5998,78.98,93,72,6.89,broken clouds
319,Yelabuga,RU,55.7613,52.0649,51.35,37,99,10.31,light rain
320,Santa Rosa,PH,14.3122,121.1114,80.58,90,88,4.52,overcast clouds
321,Monticello,US,45.3055,-93.7941,76.8,54,0,4.61,clear sky
322,San Jerónimo,PE,-11.9472,-75.2829,60.01,54,88,7.23,light rain
323,Sulina,RO,45.1559,29.6536,55.49,58,85,7.54,overcast clouds
324,Vestmannaeyjar,IS,63.4427,-20.2734,44.1,80,100,31.05,overcast clouds
325,Santa Vitória do Palmar,BR,-33.5189,-53.3681,55.17,83,8,6.69,clear sky
326,Ierapetra,GR,35.01,25.7353,71.15,56,0,8.99,clear sky
327,Gīdolē,ET,5.65,37.3667,59.36,72,97,3.91,light rain
328,Kapuskasing,CA,49.4169,-82.4331,60.89,77,100,4.61,overcast clouds
329,Flinders,AU,-34.5833,150.8552,62.38,79,100,4.0,light rain
330,Hailey,US,43.5196,-114.3153,76.87,35,0,5.99,clear sky
331,Mehamn,NO,71.0357,27.8492,40.95,87,75,9.22,broken clouds
332,Urucará,BR,-2.5364,-57.76,83.46,59,59,2.28,broken clouds
333,Tuatapere,NZ,-46.1333,167.6833,37.67,88,99,19.13,light rain
334,Victor Harbor,AU,-35.5667,138.6167,58.68,95,100,9.71,overcast clouds
335,Birobidzhan,RU,48.8,132.95,31.37,56,0,7.11,clear sky
336,Annan,GB,54.9884,-3.2565,59.77,97,100,7.61,light rain
337,Biskamzha,RU,53.4497,89.5272,26.08,87,42,2.1,scattered clouds
338,Raudeberg,NO,61.9875,5.1352,48.96,1,78,21.39,broken clouds
339,Richards Bay,ZA,-28.783,32.0377,66.02,73,51,2.1,broken clouds
340,Eureka,US,40.8021,-124.1637,85.75,72,87,4.0,overcast clouds
341,Esperance,AU,-33.8667,121.9,56.55,84,3,17.6,clear sky
342,Blagoyevo,RU,63.3667,47.9167,46.78,98,100,4.68,overcast clouds
343,Manono,CD,-7.3,27.4167,75.27,65,69,3.29,broken clouds
344,Joshīmath,IN,30.5667,79.5667,60.78,62,1,5.26,clear sky
345,Qaqortoq,GL,60.7167,-46.0333,35.67,83,100,14.0,light rain
346,Erzincan Province,TR,39.75,39.5,63.7,39,20,9.22,few clouds
347,Honningsvåg,NO,70.9821,25.9704,44.35,70,5,10.36,clear sky
348,Satipo,PE,-11.2522,-74.6386,79.48,67,80,3.13,light rain
349,Nelson Bay,AU,-32.7167,152.15,64.11,90,100,11.01,light rain
350,Hastings,GB,50.8552,0.5729,62.92,83,99,16.62,overcast clouds
351,Marystown,CA,47.1666,-55.1483,50.07,74,0,13.8,clear sky
352,Alta Floresta,BR,-9.8756,-56.0861,76.86,73,89,5.59,overcast clouds
353,Alofi,NU,-19.0595,-169.9187,82.29,69,13,10.36,few clouds
354,Voka,EE,59.3997,27.5817,48.43,90,100,13.11,overcast clouds
355,Suşehri,TR,40.1644,38.0867,57.79,81,88,3.22,overcast clouds
356,Port Elizabeth,ZA,-33.918,25.5701,58.32,91,0,2.3,clear sky
357,Vila Franca do Campo,PT,37.7167,-25.4333,74.19,93,35,6.69,light rain
358,Quatre Cocos,MU,-20.2078,57.7625,70.09,80,49,11.86,scattered clouds
359,Verkhoyansk,RU,67.5447,133.385,8.13,99,84,2.48,broken clouds
360,Lompoc,US,34.6391,-120.4579,85.01,70,20,11.5,few clouds
361,Mocuba,MZ,-16.8392,36.9856,71.47,65,1,3.71,clear sky
362,Doha,QA,25.2867,51.5333,85.98,84,0,8.05,clear sky
363,Monrovia,LR,6.3005,-10.7969,76.77,91,74,7.65,broken clouds
364,Nālūt,LY,30.3333,10.85,72.82,44,0,12.41,clear sky
365,Voh,NC,-20.9667,164.7,77.58,48,3,6.96,clear sky
366,Barcelos,PT,41.5388,-8.6151,65.91,70,1,2.44,clear sky
367,Kloulklubed,PW,7.0419,134.2556,79.3,75,100,7.07,moderate rain
368,Nikolskoye,RU,59.7035,30.7861,44.8,96,71,1.86,broken clouds
369,Shimoda,JP,34.6667,138.95,77.11,82,56,9.51,broken clouds
370,Anadyr,RU,64.75,177.4833,30.7,68,75,4.47,broken clouds
371,Arua,UG,3.0201,30.9111,61.63,91,59,5.23,broken clouds
372,Klaksvík,FO,62.2266,-6.589,50.92,78,2,39.06,clear sky
373,Abu Samrah,SY,35.3029,37.1841,73.18,56,0,3.6,clear sky
374,Alexandria,EG,31.2156,29.9553,72.14,65,1,8.66,clear sky
375,Beringovskiy,RU,63.05,179.3167,41.49,82,95,9.71,overcast clouds
376,Fukuechō,JP,32.6881,128.8419,72.88,78,97,21.05,overcast clouds
377,Khandyga,RU,62.6667,135.6,19.29,59,95,5.84,overcast clouds
378,Torbay,CA,47.6666,-52.7314,52.27,81,20,18.41,few clouds
379,Camargo,MX,27.6667,-105.1667,79.34,29,4,9.95,clear sky
380,Olsztyn,PL,53.7799,20.4942,39.16,90,45,5.88,scattered clouds
381,Beira,MZ,-19.8436,34.8389,75.29,94,0,5.5,clear sky
382,Sligo,IE,54.2697,-8.4694,56.61,96,100,8.08,moderate rain
383,Port-Gentil,GA,-0.7193,8.7815,78.76,78,40,9.22,scattered clouds
384,Hofn,IS,64.2539,-15.2082,45.59,86,100,5.41,overcast clouds
385,Tura,IN,25.5198,90.2201,71.15,90,81,1.72,light rain
386,Guangzhou,CN,23.1167,113.25,82.35,76,35,2.93,scattered clouds
387,Kenai,US,60.5544,-151.2583,48.02,89,100,18.41,light rain
388,Kokopo,PG,-4.352,152.2633,83.7,67,72,2.95,broken clouds
389,Porangatu,BR,-13.4408,-49.1486,87.39,32,60,4.23,broken clouds
390,Wajima,JP,37.4,136.9,61.5,67,100,15.3,overcast clouds
391,Bubaque,GW,11.2833,-15.8333,81.7,79,90,7.14,overcast clouds
392,Malakal,SS,9.5334,31.6605,70.81,97,100,3.15,overcast clouds
393,Nemuro,JP,43.3236,145.575,53.78,60,99,23.49,overcast clouds
394,Amuntai,ID,-2.4177,115.2494,74.71,98,100,0.81,overcast clouds
395,Geraldton,AU,-28.7667,114.6,57.61,88,75,2.3,light rain
396,Kenora,CA,49.8167,-94.4337,68.97,56,75,4.61,broken clouds
397,Tazovsky,RU,67.4667,78.7,35.64,97,100,17.11,light rain
398,Tamworth,GB,52.634,-1.6959,60.98,88,100,7.0,overcast clouds
399,Shingū,JP,33.7333,135.9833,77.83,78,49,3.8,scattered clouds
400,Broome,US,42.2506,-75.833,54.19,74,100,8.05,light rain
401,Les Cayes,HT,18.2,-73.75,81.27,80,59,3.15,broken clouds
402,Puerto Carreño,CO,6.189,-67.4859,91.38,52,40,2.3,scattered clouds
403,Hay River,CA,60.8156,-115.7999,44.58,70,75,13.8,broken clouds
404,Buta,CD,2.7858,24.73,69.57,99,100,0.38,overcast clouds
405,Griffith,US,41.5284,-87.4237,76.26,41,0,4.61,clear sky
406,Vuktyl,RU,63.8567,57.3094,45.21,97,100,6.78,light rain
407,Zhalantun,CN,48.0,122.7167,33.71,45,100,7.31,overcast clouds
408,Nizhnetroitskiy,RU,54.3385,53.6833,48.88,31,100,11.54,light rain
409,Isla Mujeres,MX,21.2311,-86.731,82.45,58,9,12.15,clear sky
410,Tallahassee,US,30.4383,-84.2807,78.64,49,0,8.05,clear sky
411,Buala,SB,-8.145,159.5921,83.34,73,81,10.87,light rain
412,Ciudad Bolivar,VE,8.1222,-63.5497,84.04,65,80,0.89,broken clouds
413,Ust'-Omchug,RU,61.15,149.6333,17.19,90,100,11.41,light snow
414,Mayo,US,38.8876,-76.5119,52.68,95,100,7.0,overcast clouds
415,Westport,US,41.1415,-73.3579,57.88,88,100,17.27,overcast clouds
416,George Town,MY,5.4112,100.3354,78.73,94,20,0.0,few clouds
417,Kédougou,SN,12.5579,-12.1743,84.78,84,0,4.61,clear sky
418,Province of Brindisi,IT,40.5833,17.6667,66.56,60,0,14.29,clear sky
419,Lakshmeshwar,IN,15.1333,75.4667,70.97,82,99,6.26,overcast clouds
420,Suba,PH,10.8438,121.0102,83.93,76,100,12.75,overcast clouds
421,Half Moon Bay,US,37.4636,-122.4286,82.58,71,100,21.85,overcast clouds
422,Katangli,RU,51.7102,143.2326,34.34,77,42,17.22,scattered clouds
423,Tshikapa,CD,-6.4167,20.8,72.32,85,84,1.23,broken clouds
424,Qasigiannguit,GL,68.8193,-51.1922,28.65,81,10,4.41,clear sky
425,Rantauprapat,ID,2.1,99.8333,72.27,99,100,2.82,light rain
426,Wau,SS,7.7029,27.9953,69.69,88,82,2.53,broken clouds
427,Afuá,BR,-0.1567,-50.3867,79.68,75,88,8.28,overcast clouds
428,Brazzaville,CG,-4.2658,15.2832,78.75,72,71,3.27,light rain
429,Province of Trapani,IT,37.8333,12.6667,67.28,83,0,2.3,clear sky
430,Kankakee,US,41.15,-87.8667,76.17,29,0,0.0,clear sky
431,Verāval,IN,20.9,70.3667,78.71,82,70,11.59,broken clouds
432,Jacareacanga,BR,-6.2222,-57.7528,76.95,79,71,2.64,broken clouds
433,Grand Gaube,MU,-20.0064,57.6608,70.38,72,46,1.99,scattered clouds
434,Bāsār,IN,27.9833,94.6667,69.48,99,100,1.34,overcast clouds
435,Havre-St-Pierre,CA,50.2334,-63.5986,46.76,87,75,10.36,broken clouds
436,Alzamay,RU,55.5562,98.6644,21.54,99,96,1.77,overcast clouds
437,Isangel,VU,-19.55,169.2667,77.11,78,40,6.91,scattered clouds
438,Evensk,RU,61.95,159.2333,32.85,93,100,37.29,snow
439,Ishigaki,JP,24.3448,124.1572,78.93,83,75,10.36,broken clouds
440,Antofagasta,CL,-23.65,-70.4,60.08,83,16,6.76,few clouds
441,Samarai,PG,-10.6167,150.6667,81.43,83,91,16.62,light rain
442,Gulu,UG,2.7746,32.299,63.84,98,67,7.47,moderate rain
443,Solnechnyy,RU,50.7214,136.6319,33.44,52,64,7.58,broken clouds
444,Rūdsar,IR,37.1376,50.288,71.92,66,0,3.06,clear sky
445,Palmer,US,42.1584,-72.3287,57.24,79,100,12.66,overcast clouds
446,Faya,SA,18.3851,42.4509,64.92,27,12,7.67,few clouds
447,Goygol,AZ,40.5869,46.3158,63.91,64,20,6.91,few clouds
448,Channelview,US,29.7761,-95.1146,86.18,41,0,6.91,clear sky
449,Batemans Bay,AU,-35.7167,150.1833,57.09,84,100,10.38,light rain
450,Nova Olinda do Norte,BR,-3.8881,-59.0942,80.65,66,98,1.45,overcast clouds
451,Salamiyah,SY,35.0113,37.0532,71.58,68,0,3.36,clear sky
452,Ambilobe,MG,-13.2,49.05,65.79,84,20,3.96,few clouds
453,Kabanjahe,ID,3.1001,98.4908,63.03,98,100,3.74,overcast clouds
454,Rio Grande,BR,-32.035,-52.0986,57.31,89,1,8.21,clear sky
455,Tara,RU,56.8944,74.371,44.02,96,100,4.74,overcast clouds
456,Waitati,NZ,-45.75,170.5667,41.86,74,79,13.44,broken clouds
457,Alugan,PH,12.2188,125.4808,82.53,78,80,5.64,broken clouds
458,Inta,RU,66.0317,60.1659,36.46,88,97,10.58,overcast clouds
459,Yulara,AU,-25.2406,130.9889,66.02,43,0,6.15,clear sky
460,Poum,NC,-20.2333,164.0167,73.24,64,6,8.34,clear sky
461,Denison,US,33.7557,-96.5367,86.18,28,0,5.75,clear sky
462,Warwick,US,41.7001,-71.4162,57.45,92,100,28.77,light rain
463,Camaná,PE,-16.6228,-72.7111,60.64,78,57,6.89,broken clouds
464,Allāpalli,IN,19.4167,80.0667,73.45,98,100,0.27,light rain
465,Salina Cruz,MX,16.1667,-95.2,86.65,54,6,16.71,clear sky
466,Romny,UA,50.751,33.4747,46.63,92,100,11.81,overcast clouds
467,Manokwari,ID,-0.8667,134.0833,81.61,70,100,3.53,overcast clouds
468,Asău,RO,46.4333,26.4,47.32,90,83,4.83,broken clouds
469,Chapais,CA,49.7834,-74.8492,49.78,99,100,3.27,overcast clouds
470,La Ciotat,FR,43.1748,5.6045,69.82,69,9,3.91,clear sky
471,Siniscola,IT,40.5719,9.6922,60.35,89,3,3.91,clear sky
472,Pushkino,RU,56.0172,37.8667,46.69,89,98,7.31,overcast clouds
473,Itoman,JP,26.1247,127.6694,80.62,86,20,5.75,few clouds
474,Caravelas,BR,-17.7125,-39.2481,75.83,75,61,14.03,broken clouds
475,Okhotsk,RU,59.3833,143.3,33.31,48,83,16.46,broken clouds
476,Pisco,PE,-13.7,-76.2167,62.65,72,0,18.41,clear sky
477,Chimoio,MZ,-19.1164,33.4833,64.26,88,0,3.22,clear sky
478,Flin Flon,CA,54.7682,-101.865,57.04,58,20,3.44,smoke
479,Shetpe,KZ,44.1667,52.1167,59.5,17,27,15.75,scattered clouds
480,Nyaunglebin,MM,17.95,96.7333,73.17,94,59,2.26,broken clouds
481,Guarujá,BR,-23.9931,-46.2564,66.88,26,100,1.99,overcast clouds
482,Cidreira,BR,-30.1811,-50.2056,59.23,84,0,6.78,clear sky
483,Kindu,CD,-2.95,25.95,69.24,97,99,3.13,light rain
484,Lata,PT,40.1629,-8.3327,60.08,68,0,1.74,clear sky
485,Cazones de Herrera,MX,20.7167,-97.3167,80.4,78,100,6.91,overcast clouds
486,Wasilla,US,61.5814,-149.4394,54.39,57,0,14.97,clear sky
487,Kastamonu Province,TR,41.5,33.6667,50.81,85,100,1.79,overcast clouds
488,São João da Barra,BR,-21.6403,-41.0511,73.49,95,92,9.62,moderate rain
489,Port Macquarie,AU,-31.4333,152.9167,64.71,66,99,6.93,light rain
490,Cabo Rojo,PR,18.0866,-67.1457,82.98,88,65,6.06,broken clouds
491,Strathmore,CA,51.0501,-113.3852,74.86,31,20,9.22,few clouds
492,Carballo,ES,43.213,-8.691,60.91,81,19,3.98,few clouds
493,Kautokeino,NO,69.0125,23.0412,37.53,89,98,14.67,overcast clouds
494,Harper,LR,4.375,-7.7169,76.24,92,80,6.93,broken clouds
495,Joaquim Gomes,BR,-9.1373,-35.7519,71.85,88,6,3.24,clear sky
496,Afogados da Ingazeira,BR,-7.7508,-37.6392,79.95,42,28,13.24,scattered clouds
497,Wana,PK,32.2989,69.5725,68.0,18,0,3.13,clear sky
498,West Fargo,US,46.875,-96.9004,73.98,54,20,6.91,few clouds
499,Maridi,SS,4.9158,29.4742,66.7,96,100,2.91,overcast clouds
500,Arcata,US,40.8665,-124.0828,76.68,74,100,12.66,overcast clouds
501,Vidim,RU,56.4088,103.1106,23.11,91,23,2.75,few clouds
502,Bridgton,US,44.0548,-70.7128,54.34,79,78,2.21,broken clouds
503,Strezhevoy,RU,60.7333,77.5889,38.84,89,100,7.52,overcast clouds
504,Prado,BR,-17.3411,-39.2208,75.58,78,25,16.33,scattered clouds
505,Cayenne,GF,4.9333,-52.3333,80.64,78,0,5.75,clear sky
506,Pottsville,US,40.6857,-76.1955,49.57,97,100,5.01,moderate rain
507,Makkah al Mukarramah,SA,21.4267,39.8261,84.38,29,1,3.96,clear sky
508,Louisville,US,38.2542,-85.7594,73.65,33,0,6.91,clear sky
509,St Helens,GB,53.45,-2.7333,62.22,94,40,17.27,scattered clouds
510,Churapcha,RU,62.0025,132.4325,22.32,82,39,10.58,scattered clouds
511,Tiarei,PF,-17.5333,-149.3333,84.22,73,31,25.39,scattered clouds
512,Marsabit,KE,2.3284,37.9899,67.08,60,8,19.62,clear sky
513,Honiara,SB,-9.4333,159.95,86.09,65,45,8.72,scattered clouds
514,Yeppoon,AU,-23.1333,150.7333,67.78,56,84,12.75,broken clouds
515,Shīeli,KZ,44.1667,66.75,50.83,28,0,12.95,clear sky
516,Samarinda,ID,-0.5,117.15,74.75,97,98,0.16,overcast clouds
517,Kemijärvi,FI,66.7131,27.4306,39.11,94,100,3.91,overcast clouds
518,Samarkand,UZ,39.6542,66.9597,53.02,47,0,9.22,clear sky
519,Winnemucca,US,40.973,-117.7357,80.65,16,0,5.03,clear sky
520,Kawalu,ID,-7.3817,108.2082,70.59,96,100,1.34,overcast clouds
521,Sabancuy,MX,18.9667,-91.1833,80.94,71,57,10.87,broken clouds
522,Cherskiy,RU,68.75,161.3,24.46,70,19,5.01,few clouds
523,Chuncheng,CN,22.1731,111.7886,76.53,92,6,1.48,clear sky
524,Dzhebariki-Khaya,RU,62.2167,135.8,16.56,81,96,2.37,overcast clouds
525,La Providencia,MX,28.7167,-111.5833,94.21,54,0,11.54,clear sky
526,Lavrentiya,RU,65.5833,-171.0,37.44,68,14,5.48,few clouds
527,Aktau,KZ,43.65,51.2,63.18,27,8,20.0,clear sky
528,Beisfjord,NO,68.3751,17.5988,50.05,85,89,9.35,overcast clouds
529,Horta,PT,38.5333,-28.6333,70.83,81,76,7.4,broken clouds
530,Arrondissement de Limoux,FR,42.9167,2.1667,53.51,75,3,3.62,clear sky
531,Katobu,ID,-4.9408,122.5276,78.08,86,100,2.95,overcast clouds
532,Vanimo,PG,-2.6741,141.3028,81.18,81,99,6.55,overcast clouds
533,Lhokseumawe,ID,5.1801,97.1507,75.09,94,100,4.47,heavy intensity rain
534,Ürümqi,CN,43.801,87.6005,41.95,49,0,4.47,clear sky
535,Tuy Hoa,VN,13.0833,109.3,76.71,92,98,3.62,overcast clouds
536,Ilhabela,BR,-23.7781,-45.3581,67.03,93,100,5.5,overcast clouds
537,Marsaxlokk,MT,35.8419,14.5431,72.09,78,20,4.61,few clouds
538,Lebu,CL,-37.6167,-73.65,51.03,94,24,7.31,few clouds
539,Katghora,IN,22.5,82.55,73.58,96,99,2.1,light rain
540,Bilokurakyne,UA,49.5341,38.7307,46.53,85,21,7.27,few clouds
541,Green Valley,US,31.8543,-110.9937,77.77,87,84,7.81,broken clouds
542,Wolverhampton,GB,52.5855,-2.123,60.08,88,100,1.01,overcast clouds
543,Point Fortin,TT,10.1833,-61.6833,81.86,78,97,10.31,overcast clouds
544,Palmital,BR,-22.7889,-50.2175,69.6,76,32,5.88,scattered clouds
545,Poronaysk,RU,49.2167,143.1167,41.13,55,41,12.68,light rain
546,Yanam,IN,16.7333,82.2167,75.65,96,99,2.93,heavy intensity rain
547,Pundaguitan,PH,6.3711,126.1689,81.34,79,65,6.06,moderate rain
548,Najrān,SA,17.4924,44.1277,74.05,19,3,3.2,clear sky
549,Chernigovka,RU,44.3389,132.5728,38.12,44,4,5.95,clear sky
550,Noumea,NC,-22.2763,166.4572,75.99,99,1,10.4,clear sky
551,Sovetskiy,RU,61.3614,63.5842,45.91,94,69,2.1,broken clouds
552,Lesnoy,RU,57.6198,63.0784,45.28,82,46,4.97,scattered clouds
553,Yangi Marg`ilon,UZ,40.4272,71.7189,61.52,33,36,6.91,scattered clouds
554,Namtsy,RU,62.7161,129.6658,24.33,79,41,11.16,scattered clouds
555,Pericos,MX,25.05,-107.7,94.91,71,31,8.79,scattered clouds
556,Ganta,LR,7.3022,-8.5308,69.4,99,67,1.88,moderate rain
557,Huilong,CN,31.8111,121.655,64.92,66,99,13.8,overcast clouds
558,Rome,US,43.2128,-75.4557,56.95,77,0,3.44,clear sky
559,Pervomayskoye,RU,43.919,46.7102,60.48,82,84,5.1,broken clouds
560,College,US,64.8569,-147.8028,52.81,56,75,9.22,broken clouds
561,Tarko-Sale,RU,64.9225,77.785,37.42,91,100,15.26,overcast clouds
562,Stornoway,GB,58.2093,-6.3865,51.76,89,20,9.22,light rain
563,Kaoma,ZM,-14.7833,24.8,65.61,26,0,4.79,clear sky
564,Lianzhou,CN,24.7811,112.3825,68.95,82,33,4.43,scattered clouds
565,Salé,MA,34.0389,-6.8166,72.64,100,40,3.44,scattered clouds
566,Fuyang,CN,32.9,115.8167,48.38,90,100,11.25,overcast clouds
567,Gao,ML,16.6362,1.637,93.07,21,68,9.62,broken clouds
568,Nsanje,MW,-16.92,35.262,77.88,52,0,4.76,clear sky
569,Yizheng,CN,24.6706,103.4296,54.16,96,6,2.44,clear sky
570,Zhuanghe,CN,39.7008,122.9911,39.11,52,0,9.08,clear sky
571,Lodhran,PK,29.5405,71.6336,79.48,38,0,6.49,clear sky
572,Megion,RU,61.0296,76.1136,39.22,91,100,9.04,overcast clouds
573,Mezen',RU,65.8522,44.24,40.66,97,76,6.06,broken clouds
574,Den Helder,NL,52.9599,4.7593,60.98,89,100,17.0,overcast clouds
575,Dunedin,NZ,-45.8742,170.5036,41.2,78,65,20.4,broken clouds
576,Māndvi,IN,22.8333,69.3667,80.56,74,3,10.13,clear sky
577,Ilmajoki,FI,62.7333,22.5667,35.22,99,40,8.05,mist
578,Meulaboh,ID,4.1363,96.1285,73.38,97,100,3.6,light rain
579,San Cristobal,VE,7.7669,-72.225,77.18,78,41,2.62,scattered clouds
580,Biltine,TD,14.5333,20.9167,85.46,38,18,3.47,few clouds
581,Tondano,ID,1.3038,124.9112,68.09,84,94,1.68,overcast clouds
582,Ukiah,US,39.1502,-123.2078,90.45,40,0,5.01,clear sky
583,Coos Bay,US,43.3665,-124.2179,61.14,88,100,0.0,overcast clouds
584,Khasan,RU,42.4308,130.6434,40.91,49,0,10.67,clear sky
585,Kongsberg,NO,59.6652,9.6465,58.41,85,100,1.99,overcast clouds
586,Sept-Îles,CA,50.2001,-66.3821,50.52,82,100,4.61,moderate rain
587,Chara,RU,56.9064,118.2631,15.85,77,54,2.66,broken clouds
588,Podor,MR,16.6527,-14.9587,95.97,37,15,12.12,few clouds
589,Dingle,PH,10.9995,122.6711,78.55,88,100,5.5,overcast clouds
590,Madimba,TZ,-10.4,40.3333,72.41,88,82,7.07,broken clouds
591,Hokitika,NZ,-42.7167,170.9667,48.49,57,94,28.36,overcast clouds
592,Talaya,RU,61.3833,152.75,17.89,94,100,10.89,snow
593,Jiuquan,CN,39.7432,98.5174,44.04,38,100,0.85,overcast clouds
594,Constitución,CL,-35.3333,-72.4167,52.79,85,95,2.89,overcast clouds
595,Sakaiminato,JP,35.55,133.2333,64.38,94,75,17.27,light intensity shower rain
596,Malbork,PL,54.0359,19.0266,53.04,88,69,7.63,broken clouds
597,Ocampo,MX,21.65,-101.5,64.54,55,82,8.5,broken clouds
598,Jérémie,HT,18.65,-74.1167,82.09,79,62,4.59,broken clouds
599,Oussouye,SN,12.485,-16.5469,82.49,85,88,4.94,overcast clouds
600,Grakhovo,RU,56.0502,51.9676,47.62,53,100,9.31,light rain
601,Miramar,US,25.9873,-80.2323,83.01,65,40,11.5,scattered clouds
602,Zhigansk,RU,66.7697,123.3711,22.77,83,100,4.5,overcast clouds
603,Cravo Norte,CO,6.3017,-70.2041,83.03,70,79,2.53,moderate rain
604,Aldan,RU,58.6031,125.3894,21.88,96,100,12.75,snow
605,Garissa,KE,-0.4536,39.6401,74.01,74,9,13.85,clear sky
606,Adrar,MR,20.5022,-10.0711,94.66,16,23,11.27,few clouds
607,Tilichiki,RU,60.4667,166.1,40.32,98,100,9.15,moderate rain
608,Jamame,SO,0.0722,42.7506,74.82,90,18,8.41,few clouds
609,Mishan,CN,45.55,131.8833,36.66,41,0,8.61,clear sky
610,Dekar,BW,-21.5333,21.9333,76.1,15,0,7.83,clear sky
611,Bekwai,GH,6.4534,-1.5774,71.58,98,98,2.68,overcast clouds
612,Yumen,CN,40.2833,97.2,43.05,42,99,5.23,overcast clouds
613,Chunhuhub,MX,19.55,-88.6833,81.93,60,85,3.22,overcast clouds
614,Paamiut,GL,61.994,-49.6678,37.13,97,100,27.72,light rain
615,Gacko,BA,43.1672,18.5353,40.42,85,11,6.76,few clouds
616,Tahoua,NE,14.8888,5.2692,91.35,32,55,10.54,broken clouds
617,Nigrán,ES,42.1415,-8.8066,60.04,82,0,1.14,clear sky
618,Chegdomyn,RU,51.1167,133.0167,28.18,55,51,4.36,broken clouds
619,Severo-Yeniseyskiy,RU,60.3725,93.0408,31.1,73,100,10.67,overcast clouds
620,Sampit,ID,-2.5333,112.95,74.61,97,100,1.19,overcast clouds
621,Saint-Pierre,RE,-21.3393,55.4781,65.88,77,20,0.0,few clouds
622,Skellefteå,SE,64.7507,20.9528,44.01,100,100,5.75,overcast clouds
623,Bandarbeyla,SO,9.4942,50.8122,76.6,87,86,18.57,overcast clouds
624,Qurayyat,SA,31.3318,37.3428,75.38,33,0,4.61,clear sky
625,Novy Urengoy,RU,66.0833,76.6333,36.09,94,100,15.5,overcast clouds
626,Burnie,AU,-41.0667,145.9167,51.93,53,85,19.44,overcast clouds
627,Fare,PF,-16.7,-151.0167,77.59,74,16,26.17,light rain
628,Necochea,AR,-38.5473,-58.7368,53.53,72,23,17.25,few clouds
629,Matara,LK,5.9485,80.5353,77.7,87,100,11.54,overcast clouds
630,Avera,US,33.194,-82.5271,74.55,47,0,3.98,clear sky
631,Aswān,EG,24.0934,32.907,87.1,28,0,11.5,clear sky
632,Canatlán,MX,24.5167,-104.7833,67.28,56,57,6.26,broken clouds
633,Iwanai,JP,42.9744,140.5089,47.05,86,100,9.19,overcast clouds
634,Brooks,CA,50.5834,-111.8851,78.78,30,25,8.05,scattered clouds
635,Safi,MA,32.2994,-9.2372,69.75,77,5,10.89,clear sky
636,Teresópolis,BR,-22.4122,-42.9656,59.94,99,94,1.61,overcast clouds
637,Marfino,RU,55.7028,37.3822,46.54,87,0,8.95,clear sky
638,Lerik,AZ,38.7726,48.4128,51.44,48,0,4.85,clear sky
639,Władysławowo,PL,54.7909,18.4009,52.93,86,84,13.02,broken clouds
640,Concepción,CL,-36.827,-73.0498,53.4,94,75,9.22,broken clouds
641,Homburg,DE,49.3167,7.3333,53.29,90,59,4.45,broken clouds
642,Talcahuano,CL,-36.7167,-73.1167,53.28,94,75,9.22,broken clouds
643,Portland,US,45.5234,-122.6762,66.24,70,75,4.61,broken clouds
644,Vilhena,BR,-12.7406,-60.1458,84.42,58,40,6.91,scattered clouds
645,Middleton,GB,53.55,-2.2,61.59,94,100,14.07,overcast clouds
646,Stanghelle,NO,60.5528,5.7357,51.84,96,100,2.75,overcast clouds
647,San Jose,US,37.3394,-121.895,84.92,55,0,10.36,clear sky
648,Tornio,FI,65.8481,24.1466,41.02,86,99,11.48,overcast clouds
649,Lugovoy,KZ,42.9472,72.7644,48.7,45,7,2.24,clear sky
650,Marília,BR,-22.2139,-49.9458,78.67,61,0,9.22,clear sky
651,Walvis Bay,NA,-22.9575,14.5053,55.09,82,0,9.22,clear sky
652,Tūkrah,LY,32.5341,20.5791,74.05,68,6,16.06,clear sky
653,Vostok,RU,46.4856,135.8833,28.67,59,11,6.6,few clouds
654,Vega de Alatorre,MX,20.0333,-96.6333,79.97,73,64,5.03,broken clouds
655,Laguna,US,38.421,-121.4238,91.06,37,0,8.05,clear sky
656,Hollabrunn,AT,48.55,16.0833,54.45,82,21,3.49,few clouds
657,Chernyshevskiy,RU,63.0128,112.4714,26.73,91,99,10.6,light snow
658,‘Ewa Beach,US,21.3156,-158.0072,87.75,61,75,14.97,broken clouds
659,Tocopilla,CL,-22.092,-70.1979,59.88,71,21,6.06,few clouds
660,Ambositra,MG,-20.5167,47.25,53.85,68,0,0.54,clear sky
661,At-Bashi,KG,41.1702,75.8106,43.27,37,43,0.87,scattered clouds
662,Mbekenyera,TZ,-10.0,38.9833,66.2,94,66,2.75,broken clouds
663,Ozubulu,NG,5.9567,6.849,73.18,96,85,3.51,overcast clouds
664,Sémbé,CG,1.6481,14.5806,69.91,99,100,1.48,overcast clouds
665,Terrace,CA,54.5163,-128.6035,57.11,62,100,26.46,overcast clouds
666,Carutapera,BR,-1.195,-46.02,78.87,74,50,8.14,scattered clouds
667,Goderich,CA,43.7501,-81.7165,61.92,67,10,3.44,clear sky
668,Shelburne,CA,44.0787,-80.2041,63.39,65,41,4.38,scattered clouds
669,Karratha,AU,-20.7377,116.8463,71.69,37,0,4.54,clear sky
670,Altar,MX,30.7,-111.8167,89.6,27,0,11.41,clear sky
671,Mushie,CD,-3.0167,16.9,73.08,87,72,2.91,light rain
672,Boende,CD,-0.2167,20.8667,72.59,86,87,1.12,overcast clouds
673,Chiredzi,ZW,-21.05,31.6667,73.67,64,0,12.15,clear sky
674,Cosalá,MX,24.4125,-106.6908,82.63,60,23,6.24,few clouds
675,El Estor,GT,15.5333,-89.35,79.95,79,76,1.81,broken clouds
676,Zhireken,RU,52.8249,117.3076,22.01,55,31,2.91,scattered clouds
677,Seminole,US,28.7086,-81.2081,75.56,68,0,14.97,clear sky
678,Muravlenko,RU,63.7898,74.523,32.22,95,12,12.28,few clouds
